conversation_id_str,created_at,favorite_count,full_text,id_str,image_url,in_reply_to_screen_name,lang,quote_count,reply_count,retweet_count,tweet_url,user_id_str
1953477646865883153,Thu Aug 07 15:25:39 +0000 2025,0,5 Potret Ayah Artis Antar Anak Sekolah Meski Sibuk Andrew White hingga Dion Wiyoko https://t.co/87n8OH5rmb,1953477646865883153,,,in,0,0,0,https://x.com/x/status/1953477646865883153,864334585860980737
1950829872924012656,Thu Jul 31 08:04:21 +0000 2025,0,Ibunya? full time everything. ngurus anak rumah urusan sekolah bahkan kalau anak sakit ibu juga yang antar. ayah? kerja. sari kecil dia belajar satu hal: pernikahan adalah sistem outsourcing. ayah outsource ke ibu. Ibu handle semua ngeri,1950829874953998466,,und3rstandy,in,0,1,0,https://x.com/x/status/1950829874953998466,1285028246753382402
1950093094336287139,Tue Jul 29 07:16:39 +0000 2025,0,20 9 Persen Anak Indonesia Tak Miliki Figur Ayah BKKBN Jawab Dengan Gerakan Ayah Antar Anak Sekolah https://t.co/cFSvmm1rtn,1950093094336287139,,,in,0,0,0,https://x.com/x/status/1950093094336287139,1291652969855766528
1949033006519456206,Sat Jul 26 09:06:41 +0000 2025,1,Menurut Pak Asep Riyadi dari Dinas Sosial Karawang si ibu (yang jadi koordinator lapangan keluarga ini) masih punya suami. Tapi sayangnya si ayah malah ikutan antar jemput anak-anaknya buat ngemis. Nggak ngantar ke sekolah tapi ke pertigaan lampu merah. Hasilnya?,1949033623807742004,,MarahIchsan,in,0,1,0,https://x.com/x/status/1949033623807742004,797761417894051840
1948201468122771633,Thu Jul 24 02:00:00 +0000 2025,4,Antar Anak Sekolah Bukan Akhir Tanggung Jawab Ayah https://t.co/SIRujuwg1H,1948201468122771633,,,in,0,0,0,https://x.com/x/status/1948201468122771633,4187275698
1947936120479879644,Wed Jul 23 08:31:12 +0000 2025,0,@feelnblue Berikut 10 aturan/kontroversial pemerintah Indonesia 2025 berdasarkan berita diverifikasi: 1. SE 7/2025: Ayah wajib antar anak hari pertama sekolah imbauan ASN (Kemendukbangga). 2. Kenaikan PPN 12% mulai 1 Jan. 3. Opsin pajak kendaraan bermotor mulai 5 Jan. 4. Tax amnesty,1947937529896054873,,feelnblue,in,0,1,0,https://x.com/x/status/1947937529896054873,1720665183188922368
1947546069954662545,Tue Jul 22 06:35:41 +0000 2025,0,Tips untuk Ayah Agar Antar Anak ke Sekolah Jadi Lebih Menyenangkan dan Penuh Makna https://t.co/hgHSaWOAHA,1947546069954662545,,,in,0,0,0,https://x.com/x/status/1947546069954662545,150589950
1947456250809356425,Tue Jul 22 00:38:46 +0000 2025,0,GATI Digelar di Murung Raya Ayah Diajak Antar Anak ke Sekolah https://t.co/8cEqdRhKwY,1947456250809356425,,,in,0,0,0,https://x.com/x/status/1947456250809356425,1082029849
1947452572006289429,Tue Jul 22 00:24:09 +0000 2025,0,Peran Ayah Tak Berakhir Usai Antar Anak di Hari Pertama Sekolah https://t.co/HK56KtNgq6,1947452572006289429,,,in,0,0,0,https://x.com/x/status/1947452572006289429,1668188086067683331
1947172059794305403,Mon Jul 21 05:49:30 +0000 2025,0,*GERAKAN AYAH ANTAR ANAK SEKOLAH* Tahun ajaran baru adalah momen yang penting bagi anak anak mereka butuh ruang yg mendidik sekaligus membentuk karakter kami sebagai orangtua harus hadir memastikan pondasinya kuat sejak awal @humaspoldakepri @divisihumaspolri @humaspolreslingga https://t.co/zfRaXMbukX,1947172059794305403,https://pbs.twimg.com/ext_tw_video_thumb/1947171763189698560/pu/img/RFUP7drEhZ1vHg7J.jpg,,in,0,0,0,https://x.com/x/status/1947172059794305403,1318779669357817856
1947163851923001633,Mon Jul 21 05:16:53 +0000 2025,9,Gerakan ayah teladan Indonesia ( Gati ) Sekolah bersama ayah ( sebaya ) Antar anak biar dapet tebar pesona ke mama mam muda https://t.co/HpHbS9EAqo,1947163851923001633,https://pbs.twimg.com/media/GwW3NCkXUAAv-di.jpg,,in,0,0,0,https://x.com/x/status/1947163851923001633,1143027278151946241
1947163377127522788,Mon Jul 21 05:15:00 +0000 2025,0,Rio Dewanto menjalankan peran ayah dengan tanggung jawab rutin antar putrinya ke sekolah. Meski Salma sakit Rio tetap optimis putrinya segera pulih. https://t.co/DTQDK39kH8,1947163377127522788,,,in,0,1,0,https://x.com/x/status/1947163377127522788,48890883
1947136043129655724,Mon Jul 21 03:26:23 +0000 2025,0,SENJATA Awali Pekan: Apel Kedisiplinan dan Arahan Kepala Kantor Terkait Gerakan Ayah Antar Anak Sekolah Selengkapnya di: https://t.co/ngEmASHdNN #SENJATAKemenagJembrana #ASNBerintegritas #KemenagJembrana #ZonaIntegritas #ModerasiBeragama #KerukunanUmat #KedisiplinanASN https://t.co/ZxcJNjoeVp,1947136043129655724,https://pbs.twimg.com/media/GwWd1kcbgAAudfM.jpg,,in,0,0,0,https://x.com/x/status/1947136043129655724,1384316641530433537
1947054569827057808,Sun Jul 20 22:02:38 +0000 2025,0,Ayah Diajak Ikut Berperan Aktif Antar Anak ke Sekolah https://t.co/CPJhormSPe,1947054569827057808,,,in,0,0,0,https://x.com/x/status/1947054569827057808,798478258119405568
1946943177027653809,Sun Jul 20 14:40:00 +0000 2025,7,Dikira sepele tapi ternyata ayah antar anak ke sekolah bisa berdampak besar untuk masa depan mereka! Ini alasan ilmiah dan pandangan para pakar soal ayah yang antar anak. Via @detik_edu https://t.co/zIqC029roL,1946943177027653809,,,in,0,0,0,https://x.com/x/status/1946943177027653809,69183155
1946904085279715392,Sun Jul 20 12:04:40 +0000 2025,0,Soal Aturan Ayah Antar Anak pada Hari Pertama Sekolah Najeela Shihab Bilang Begini https://t.co/0koS9wLzU5,1946904085279715392,,,in,0,0,0,https://x.com/x/status/1946904085279715392,1668188086067683331
1946767457525678518,Sun Jul 20 03:01:45 +0000 2025,0,Sumber: detikcom https://t.co/8F83qha373,1946767457525678518,,,in,0,0,0,https://x.com/x/status/1946767457525678518,1810639657467838464
1946764558791577756,Sun Jul 20 02:50:14 +0000 2025,0,Momen Sekali Seumur Hidup Ayah Dua Anak Ini Ungkap Pentingnya Antar Anak Masuk Sekolah Perdana https://t.co/IpUvJN3vT8,1946764558791577756,,,in,0,0,0,https://x.com/x/status/1946764558791577756,362336352
1946764458103062633,Sun Jul 20 02:49:50 +0000 2025,0,Gerakan Ayah Antar Anak Sekolah Disebut Belum Cukup Atasi Krisis Fatherless https://t.co/eWQynN0DiO,1946764458103062633,,,in,0,0,0,https://x.com/x/status/1946764458103062633,362336352
1946152862263980091,Sat Jul 19 13:04:24 +0000 2025,0,@ceritapolitisi Kaka Menteri Wihaji ajak para bapa lebih peduli keluarga itu langkah bagus! Gerakan Ayah Antar Sekolah bantu perkuat ikatan keluarga. Pemerintah su lihat pentingnya peran bapa dalam didik anak! ️,1946556731951390747,,ceritapolitisi,in,0,0,0,https://x.com/x/status/1946556731951390747,2266567014
1946454992338272451,Sat Jul 19 06:20:08 +0000 2025,1,Program GATI Peran Ayah Antar Anak ke Sekolah https://t.co/rsaDqVy1cO https://t.co/3ps7OtS6lA,1946454992338272451,https://pbs.twimg.com/media/GwMyfTNbcAAY-eS.jpg,,in,0,0,0,https://x.com/x/status/1946454992338272451,1559175427926605824
1946434537992655113,Sat Jul 19 04:58:51 +0000 2025,0,Sekolah Cikal Sambut Baik Gerakan Ayah Antar Anak Perkuat Peran Ayah dalam Pendidikan https://t.co/Y5eEeQmLtr,1946434537992655113,,,in,0,0,0,https://x.com/x/status/1946434537992655113,817669043792420864
1946434327635427570,Sat Jul 19 04:58:01 +0000 2025,0,Sekolah Cikal Sambut Baik Gerakan Ayah Antar Anak Perkuat Peran Ayah dalam Pendidikan...https://t.co/Y5eEeQmdDT,1946434327635427570,,,in,0,0,0,https://x.com/x/status/1946434327635427570,817669043792420864
1946389137655046153,Sat Jul 19 01:58:27 +0000 2025,0,trend day1 sekolah dianterin ayah bikin gue throwback. since day1 gue tk sd smp sma kuliah gue selalu dianter bapak gue belio org pertama dirunah yg selalu antar anak nya sekola di day1. alhamdulillah,1946389137655046153,,,in,0,0,0,https://x.com/x/status/1946389137655046153,1269148245495668738
1946293422987600087,Fri Jul 18 19:38:07 +0000 2025,0,Sekolah Cikal Sambut Baik Gerakan Ayah Antar Anak Perkuat Peran Ayah dalam Pendidikan...https://t.co/Y5eEeQmLtr,1946293422987600087,,,in,0,0,0,https://x.com/x/status/1946293422987600087,817669043792420864
1946192983813935228,Fri Jul 18 12:59:00 +0000 2025,3,Inisiasi Gerakan Ayah Antar Anak di Hari Pertama Sekolah Mendukbangga Wihaji Ingin Atasi Krisis Fatherless #bahlillahadalia #kuningkeren #golkarindonesia #partaigolkar #golkarpedia https://t.co/FPWcbzBdE5,1946192983813935228,,,in,0,0,22,https://x.com/x/status/1946192983813935228,721898354502930433
1946159180177612851,Fri Jul 18 10:44:41 +0000 2025,0,Sekolah Cikal Sambut Baik Gerakan Ayah Antar Anak Perkuat Peran Ayah dalam Pendidikan https://t.co/Y5eEeQmLtr,1946159180177612851,,,in,0,0,0,https://x.com/x/status/1946159180177612851,817669043792420864
1946100393244778574,Fri Jul 18 06:51:05 +0000 2025,0,Ayah Wajib Antar Anak di Hari Pertama Sekolah Perlukah Negara Mengatur Urusan Keluarga? https://t.co/VrbFg6R93N,1946100393244778574,,,in,0,0,0,https://x.com/x/status/1946100393244778574,1547779031126671361
1946092634721644567,Fri Jul 18 06:20:15 +0000 2025,0,Sekolah Cikal Sambut Baik Gerakan Ayah Antar Anak Perkuat Peran Ayah dalam Pendidikan https://t.co/Y5eEeQmdDT,1946092634721644567,,,in,0,0,0,https://x.com/x/status/1946092634721644567,817669043792420864
1946092587087020452,Fri Jul 18 06:20:04 +0000 2025,0,Sekolah Cikal Sambut Baik Gerakan Ayah Antar Anak Perkuat Peran Ayah dalam Pendidikan https://t.co/Y5eEeQmdDT,1946092587087020452,,,in,0,0,0,https://x.com/x/status/1946092587087020452,817669043792420864
1946070863356506468,Fri Jul 18 04:53:44 +0000 2025,0,Sekolah Cikal Sambut Baik Gerakan Ayah Antar Anak Perkuat Peran Ayah dalam Pendidikan https://t.co/Y5eEeQmLtr,1946070863356506468,,,in,0,0,0,https://x.com/x/status/1946070863356506468,817669043792420864
1946070795589161436,Fri Jul 18 04:53:28 +0000 2025,4,Kebijakan pemerintah soal Ayah Antar Anak di Hari Pertama Sekolah belum menyentuh akar persoalan fatherless. https://t.co/uIdPJ9AeA4 https://t.co/5axLRX1V6N,1946070795589161436,https://pbs.twimg.com/media/GwHVElIaIAAqAyg.jpg,,in,0,1,1,https://x.com/x/status/1946070795589161436,1269826533096448001
1945865841612116042,Thu Jul 17 15:19:03 +0000 2025,0,Inisiasi Gerakan Ayah Antar Anak di Hari Pertama Sekolah Mendukbangga Wihaji Ingin Atasi Krisis Fatherless #bahlillahadalia #kuningkeren #golkarindonesia #partaigolkar #golkarpedia https://t.co/kkMjtSYahC https://t.co/aToCg1JR14,1945865841612116042,https://pbs.twimg.com/media/GwEapVUW0AAZl1-.jpg,,in,0,0,4,https://x.com/x/status/1945865841612116042,1563769423248642048
1945804066090889693,Thu Jul 17 12:02:25 +0000 2025,1,Makanya sekarang pemerintah dorong para ayah buat antar anak ke sekolah. Ini sederhana tapi sangat bermakna untuk tumbuh kembang anak-anak karena AYAH HADIR! #emotionaldetox #terapi #hipnoterapi #teknikterapi #psikologi #kesehatanmental #houpeid #selfhealing #mentalhealth,1945816357448401392,,HoupeIndonesia,in,0,1,0,https://x.com/x/status/1945816357448401392,1921805798067642368
1945789323896615306,Thu Jul 17 10:15:00 +0000 2025,1,Gerakan Ayah Mengantar Anak di Hari Pertama Sekolah bikin banyak ayah angkat bicara. Banyak ayah cerita soal manfaatnya tapi nggak semua setuju imbauannya. Kalau kamu setuju nggak? Via @detik_edu https://t.co/Z3KR5PNIRl,1945789323896615306,,,in,1,0,2,https://x.com/x/status/1945789323896615306,69183155
1945785297003839978,Thu Jul 17 09:59:00 +0000 2025,1,Mendukbangga Wihaji Terbitkan Edaran Imbau Para Ayah Antar Anak di Hari Pertama Sekolah #bahlillahadalia #kuningkeren #golkarindonesia #partaigolkar #golkarpedia https://t.co/9DAnYW2uFX,1945785297003839978,,,in,0,0,6,https://x.com/x/status/1945785297003839978,721898354502930433
1945609967995691484,Wed Jul 16 22:22:18 +0000 2025,0,Anak masih mengantuk ortu ini ajak anak duduk cari bangku malam-malam usai pemerintah tertibkan aturan ayah antar anak ke sekolah mulai 14 Juli kemarin https://t.co/K3iyLCZBuY,1945609967995691484,https://pbs.twimg.com/ext_tw_video_thumb/1945609912022605824/pu/img/8VsvMfz4ADAlx6N3.jpg,,in,0,0,1,https://x.com/x/status/1945609967995691484,1857727082
1945440648699461835,Wed Jul 16 11:09:29 +0000 2025,0,ini kemaren ikut program ayah antar anak sekolah ya,1945440648699461835,,,in,0,0,0,https://x.com/x/status/1945440648699461835,2915347314
1945358139911774593,Wed Jul 16 05:41:38 +0000 2025,0,Ayahnya anak anakku seorang pelaut mana bisa ngantar pulangnya saja paling cepet 4 bulan sekali. Resmi! Pemerintah Terbitkan Aturan Ayah Antar Anak ke Sekolah Mulai Hari Ini 14 Juli https://t.co/rT9Fb7Nmed,1945358139911774593,,,in,0,0,0,https://x.com/x/status/1945358139911774593,1918703394560348160
1945315063889309883,Wed Jul 16 02:50:28 +0000 2025,0,Pemerintah Luncurkan Gerakan Ayah Antar Anak Sekolah Ini Aturan dan Tujuannya https://t.co/Cjue9RU21B,1945315063889309883,,,in,0,0,0,https://x.com/x/status/1945315063889309883,817669043792420864
1945268194790265302,Tue Jul 15 23:44:13 +0000 2025,4,morning person ayah antar anak sekolah https://t.co/sRafkHkOwF,1945268194790265302,https://pbs.twimg.com/media/Gv77GgtXcAA9Je_.jpg,,in,0,2,0,https://x.com/x/status/1945268194790265302,1656037556700721152
1945116266190000243,Tue Jul 15 13:40:31 +0000 2025,0,Pemerintah Terbitkan Aturan Ayah Antar Anak ke Sekolah Tere Liye: Semangat Banget Hal yang Bukan Urusannya https://t.co/8XIuJXOMgC,1945116266190000243,,,in,0,0,1,https://x.com/x/status/1945116266190000243,89877164
1945104362172199410,Tue Jul 15 12:53:12 +0000 2025,0,Beri Contoh Ayah Antar Anak Sekolah Bupati Enrekang Malah Disorot karena Tak Pakai Helm https://t.co/6PbQWjra0V,1945104362172199410,,,in,0,0,0,https://x.com/x/status/1945104362172199410,1451237122325696538
1945088625873408269,Tue Jul 15 11:50:41 +0000 2025,3,Apresiasi untuk Ayah yang Antar Anak ke Sekolah Hanyalah Perayaan Simbolis Pemerintah Belum Selesaikan Masalah Utama #Terbaru https://t.co/kM0knZW4kR,1945088625873408269,,,in,0,0,0,https://x.com/x/status/1945088625873408269,2388795571
1945075876539801619,Tue Jul 15 11:00:01 +0000 2025,0,Mendukbangga Wihaji Terbitkan SE Imbau Para Ayah Antar Anak di Hari Pertama Sekolah https://t.co/VPQsivE0dN,1945075876539801619,,,in,0,0,1,https://x.com/x/status/1945075876539801619,1953620240
1945074826915282946,Tue Jul 15 10:55:51 +0000 2025,0,aturan ayah antar anak sekolah spy ayah andil dlm pendidikan anaknya biar gajadi negara fatherless tp rakyat nya malah komen gimana kalo anak gaada ayahnya emg yg bener ganti rakyat,1945074826915282946,,,in,0,0,0,https://x.com/x/status/1945074826915282946,1602211627
1945067547092566156,Tue Jul 15 10:26:55 +0000 2025,10,gerakan ayah antar anak di hari pertama sekolah https://t.co/oEZSAahG6P,1945067547092566156,https://pbs.twimg.com/amplify_video_thumb/1945046652336922625/img/4ya_-4QKG9J045bJ.jpg,,in,0,0,0,https://x.com/x/status/1945067547092566156,1676179386809344001
1945047702083133896,Tue Jul 15 09:08:04 +0000 2025,1,Entah knp menurutku kebijakan ayah antar sekolah anak itu bagus untuk negara fatherless kaya Indonesia,1945047702083133896,,,in,0,0,0,https://x.com/x/status/1945047702083133896,411508758
1945011863596798213,Tue Jul 15 06:45:39 +0000 2025,0,Wali Kota Solok Minta Ayah Antar Anak di Hari Pertama Sekolah https://t.co/ioUDdElfJP,1945011863596798213,,,in,0,0,0,https://x.com/x/status/1945011863596798213,1554428897432719360
1944998315357298744,Tue Jul 15 05:51:49 +0000 2025,0,NEW TIKTOK ALERT‼️ Day In DyLan Life Is Here https://t.co/1vvMM3c67Q Gerakan Ayah antar anak ke sekolah ,1944998315357298744,,,in,0,0,0,https://x.com/x/status/1944998315357298744,152213633
1944994714979049589,Tue Jul 15 05:37:30 +0000 2025,13,Klo si ayah jauh di luar kota apa iyaa harus cari ayah yg bisa anter anak sekolah tiap hari pak? Waahhh....sepertinya saya bakal tersenyum tapi paksu bakalan cemberut donk Ga siii maksudnya baik tp situasional kan? Pi maksi all...met siang smua https://t.co/QlAOhIX8JI https://t.co/syKQeJGVFL,1944994714979049589,https://pbs.twimg.com/media/Gv4CYoLbkAAnBjH.jpg,,in,2,7,3,https://x.com/x/status/1944994714979049589,1428002673815482369
1944966324477735390,Tue Jul 15 03:44:42 +0000 2025,0,Antar Anak ke Sekolah Para Ayah Ingin Punya Ikatan Lebih Kuat https://t.co/lEkwBqcNO1,1944966324477735390,,,in,0,0,0,https://x.com/x/status/1944966324477735390,154102750
1944963108222722524,Tue Jul 15 03:31:55 +0000 2025,0,Pemerintah Terbitkan SE Ayah Antar Anak di Hari Pertama Sekolah ASN Wajib Ikut! https://t.co/oHvfF84lSY https://t.co/fNamZ4mx4D,1944963108222722524,https://pbs.twimg.com/media/Gv3lnqIaMAAIQDh.jpg,,in,0,0,1,https://x.com/x/status/1944963108222722524,41730943
1944953426808582165,Tue Jul 15 02:53:27 +0000 2025,0,Pemerintah Luncurkan Gerakan Ayah Antar Anak Sekolah Ini Aturan dan Tujuannya https://t.co/Cjue9RUzR9,1944953426808582165,,,in,0,0,0,https://x.com/x/status/1944953426808582165,817669043792420864
1944952680193122762,Tue Jul 15 02:50:29 +0000 2025,0,Pemerintah Luncurkan Gerakan Ayah Antar Anak Sekolah Ini Aturan dan Tujuannya https://t.co/Cjue9RUzR9,1944952680193122762,,,in,0,0,0,https://x.com/x/status/1944952680193122762,817669043792420864
1944929049052373183,Tue Jul 15 01:16:34 +0000 2025,0,Hari Pertama Masuk Sekolah Ayah Ikut Gerakan Ayah Antar Anak Sekolah https://t.co/CmzRrC0Cot,1944929049052373183,,,in,0,0,0,https://x.com/x/status/1944929049052373183,1318855369641263105
1944911209192419809,Tue Jul 15 00:05:41 +0000 2025,0,Panduan Lengkap Aturan Ayah Antar Anak Sekolah: Aman Nyaman dan Tepat Waktu https://t.co/lRskLJQpbk,1944911209192419809,,,in,1,0,0,https://x.com/x/status/1944911209192419809,1578222594
1944901025212850543,Mon Jul 14 23:25:13 +0000 2025,0,pemerintah bikin aturan ayah antar anak sekolah mulai hari ini - folkative - https://t.co/5I9VhQBicW,1944901025212850543,https://pbs.twimg.com/media/Gv2tLPHa4AI0XdT.jpg,,in,0,0,0,https://x.com/x/status/1944901025212850543,1311641911371821058
1944894933569040756,Mon Jul 14 23:01:01 +0000 2025,0,Sidrap Para Ayah Antar Anak di Hari Pertama https://t.co/5soF2yz6IM Imbauan tersebut merujuk pada surat dari Kementerian Pendidikan dan Kebudayaan serta BKKBN yang mendorong keterlibatan aktif ayah dalam kegiatan bertajuk Hari Pertama Sekolah Bersama Ayah yang sebelumnya t ,1944894933569040756,,,in,0,0,0,https://x.com/x/status/1944894933569040756,2810878578
1944850035826376948,Mon Jul 14 20:02:36 +0000 2025,0,Antar Anak ke Sekolah Ayah Siswa: Rencana Mau Nunggu tapi Anak tak Mau https://t.co/4WL0o9kSoJ,1944850035826376948,,,in,0,0,0,https://x.com/x/status/1944850035826376948,262026799
1944793048464158950,Mon Jul 14 16:16:09 +0000 2025,0,Pemerintah Keluarkan Aturan Ayah Antar Anak Hari Pertama Sekolah Ternyata Ini Manfaatnya https://t.co/CHJM5A0VAX,1944793048464158950,,,in,0,0,0,https://x.com/x/status/1944793048464158950,864334585860980737
1944735183250534499,Mon Jul 14 12:26:13 +0000 2025,0,Hari ini hari pertama masuk sekolah ya? Jadi inget dari SD-SMA selalu bareng bapak tiap hari pertama sekolah bukan karena ada gerakan ayah antar anak sekolah dihari pertama tapi karena emang sekalian blio berangkat kerja wkwkwk cuma ada 1 moment memorable yang ngga bisa dilupain,1944735183250534499,,,in,0,1,0,https://x.com/x/status/1944735183250534499,1001905518129000451
1944729486848819700,Mon Jul 14 12:03:35 +0000 2025,0,Di negara nomor 3 fatherless country di dunia pemerintah sampe turun tangan ngedorong bapak2 nganter anaknya sekolah... gokil sih... https://t.co/AtPCGhlhI7,1944729486848819700,,,in,0,1,0,https://x.com/x/status/1944729486848819700,56016580
1944724196489314552,Mon Jul 14 11:42:34 +0000 2025,0,Dukung Gerakan Ayah Teladan Mas Dhito Bupati Kediri Antar Anak ke Sekolah Hari Pertama https://t.co/IsGRNzLOhW,1944724196489314552,,,in,0,1,0,https://x.com/x/status/1944724196489314552,2668958280
1944720424492773544,Mon Jul 14 11:27:35 +0000 2025,0,Mendukbangga Bikin Gerakan Ayah Antar Anak ke Sekolah Kementerian Kependudukan dan Pembangunan Keluarga (Kemendukbangga)/BKKBN resmi meluncurkan Gerakan Ayah Teladan Indonesia (GATI). https://t.co/ugBEfZQw9y https://t.co/LEIDB51p0L,1944720424492773544,https://pbs.twimg.com/media/Gv0I64_WgAE6h2O.jpg,,in,0,1,0,https://x.com/x/status/1944720424492773544,155169715
1944716044989550608,Mon Jul 14 11:10:10 +0000 2025,136,Ini bagus Momen ayah antar anak di hari pertama masuk sekolah... https://t.co/cpuNI6KrMV,1944716044989550608,https://pbs.twimg.com/ext_tw_video_thumb/1944715985585369088/pu/img/0WyLN_mIA-l_DHTN.jpg,,in,0,5,23,https://x.com/x/status/1944716044989550608,1334853481019056128
1944714849461907796,Mon Jul 14 11:05:25 +0000 2025,0,Ayah Teladan: Bupati Merangin Syukur Antar Anak Hari Pertama Sekolah https://t.co/lfpWrGUDrV,1944714849461907796,,,in,0,0,0,https://x.com/x/status/1944714849461907796,1468231344115363858
1944713696187707418,Mon Jul 14 11:00:50 +0000 2025,0,Pegawai DiskominfoSP Beltim ikut dukung Gerakan Ayah Teladan Indonesia. Hari ini mereka antar anak di Hari Pertama Sekolah Bersama Ayah sesuai himbauan Bupati Kamarudin Muten. Momen hangat untuk keluarga yang lebih harmonis. #GATI #HariPertamaSekolah https://t.co/bBwlS1jbY9,1944713696187707418,https://pbs.twimg.com/ext_tw_video_thumb/1944713598821089280/pu/img/FbzpXjfUnqxSP_lU.jpg,,in,0,1,0,https://x.com/x/status/1944713696187707418,834640917357228033
1944708672787292544,Mon Jul 14 10:40:53 +0000 2025,10, Aturan Ayah Antar Anak ke Sekolah Anak yatim dan anak yg ayahnya menghilang: ,1944708672787292544,,,in,0,2,2,https://x.com/x/status/1944708672787292544,1404271996561629186
1944705869238710285,Mon Jul 14 10:29:44 +0000 2025,1,Btw gue salah fokus dengan singkatan Menterinya: Mendukbangga ternyata itu Menteri Kependudukan dan Pembangunan Keluarga/BKKBN Btw ini bagus ya pemerintah mulai memahami soal fenomena Fatherless dan sampai bikin SE buat Ayah untuk antar anak di hari pertama sekolah. https://t.co/CRxb0SUnuR,1944705869238710285,https://pbs.twimg.com/media/Gvz6fq2bYAAEPUs.png,,in,0,1,0,https://x.com/x/status/1944705869238710285,76652780
1944691242383950088,Mon Jul 14 09:31:37 +0000 2025,0,Kehadiran ayah di hari pertama sekolah anak punya banyak manfaat untuk si kecil serta tingkatkan pengasuhan yang lebih kolaboratif. #momsupdate #moms #update #text https://t.co/zVShTbn3q8,1944691242383950088,,,in,0,2,0,https://x.com/x/status/1944691242383950088,929046798315896837
1944688322296627257,Mon Jul 14 09:20:01 +0000 2025,4,Kementerian Kependudukan dan Pembangunan Keluarga/BKKBN buat program Gerakan Ayah Mengantar Anak di Hari Pertama Sekolah . Lantas seberapa penting gerakan antar anak ke sekolah bagi para ayah? Gimana menurut kamu? &gt;&gt; https://t.co/I5HwQ0vXOP https://t.co/jjkjEwrK0s,1944688322296627257,https://pbs.twimg.com/amplify_video_thumb/1944665667015475200/img/mvkApFUIivjX3Xgi.jpg,,in,1,3,1,https://x.com/x/status/1944688322296627257,69183155
1944684299753787623,Mon Jul 14 09:04:02 +0000 2025,0,Video: Seberapa Penting Gerakan Antar Anak ke Sekolah Bagi Para Ayah? https://t.co/Wms0ZMYzsL,1944684299753787623,,,in,0,0,0,https://x.com/x/status/1944684299753787623,1668188086067683331
1944661019953090621,Mon Jul 14 07:31:31 +0000 2025,0,Menteri Wihaji Terbitkan SE No. 7/2025 Ajak Ayah Antar Anak di Hari Pertama Sekolah https://t.co/L6dVV2ESlx,1944661019953090621,,,in,0,0,0,https://x.com/x/status/1944661019953090621,1826679920686444544
1944660381882044677,Mon Jul 14 07:28:59 +0000 2025,0,Terbit SE Mendukbangga No.7/2025 Menteri Wihaji Ajak Para Ayah Antar Anak di Hari Pertama Sekolah https://t.co/n8RiGgyDat,1944660381882044677,,,in,0,0,0,https://x.com/x/status/1944660381882044677,1804710996168376320
1944655602615189614,Mon Jul 14 07:10:00 +0000 2025,2,Mendukbangga Ajak Para Ayah Antar Anak di Hari Pertama Sekolah https://t.co/9KHH5fPXzc,1944655602615189614,,,in,1,0,1,https://x.com/x/status/1944655602615189614,4187275698
1944652163038486959,Mon Jul 14 06:56:20 +0000 2025,1,Resmi! Pemerintah Terbitkan Aturan Ayah Antar Anak ke Sekolah Mulai Hari Ini 14 Juli #Resmi #Pemerintah #Terbitkan #Aturan #Ayah #Antar #Anak #Sekolah #Berita #News #Info https://t.co/1ZVUkTJO6E,1944652163038486959,,,in,0,0,1,https://x.com/x/status/1944652163038486959,1412699218121166852
1944651716441616567,Mon Jul 14 06:54:33 +0000 2025,0,Kemendukbangga/BKKBN telah menerbitkan 'Gerakan Ayah Mengantar Anak di Hari Pertama Sekolah' untuk mendorong pengasuhan anak yang lebih efektif mulai 14 Juli 2025. https://t.co/hFiFvw4pjN.,1944651716441616567,,,in,0,0,0,https://x.com/x/status/1944651716441616567,106247388
1944637151007932423,Mon Jul 14 05:56:41 +0000 2025,16,Pemerintah Terbitkan SE Ayah Antar Anak di Hari Pertama Sekolah ASN Wajib Ikut! https://t.co/hZDdCwu12Y,1944637151007932423,,,in,4,8,3,https://x.com/x/status/1944637151007932423,41730943
1944635479879500058,Mon Jul 14 05:50:02 +0000 2025,0,Menteri Wihaji Ajak Ayah Antar Anak di Hari Pertama Sekolah ASN Diizinkan Masuk Siang https://t.co/OR2XbqdNJ9,1944635479879500058,,,in,0,0,0,https://x.com/x/status/1944635479879500058,1640521920214110209
1944634118861447284,Mon Jul 14 05:45:13 +0000 2025,0,Today Senin 14 Juli 2025 jadi hari pertama masuk sekolah tahun ajaran baru 2025/2026. Banyak ayah yang diimbau BKKBN untuk antar anak di hari pertama sekolah. Tapi ASN telat tetap kena potong tukin? #BKKBN #PendidikanIndonesia,1944634266677125228,,alineadotid,in,0,1,0,https://x.com/x/status/1944634266677125228,354168059
1944634118861447284,Mon Jul 14 05:44:38 +0000 2025,0,Saat @kemendukbangga_bkkbn ajak ayah antar anak di hari pertama sekolah Wakil Gubernur @si.rano malah ingatkan tukin ASN yang telat bakal dipotong #ASN #RanoKarno #HariPertamaSekolah https://t.co/77Ug9FvlG1,1944634118861447284,https://pbs.twimg.com/media/Gvy6abQXcAMqR3Y.jpg,,in,0,1,0,https://x.com/x/status/1944634118861447284,354168059
1944633258425069968,Mon Jul 14 05:41:13 +0000 2025,0,Menteri Wihaji keluarkan SE ajak para ayah antar anak di hari pertama sekolah. ASN boleh masuk kantor siang maksimal pukul 12.00. https://t.co/n6Kb7wCeNM,1944633258425069968,,,in,0,0,0,https://x.com/x/status/1944633258425069968,1404018642
1944630718954643618,Mon Jul 14 05:31:07 +0000 2025,1,BKKBN Ajak Ayah Antar Anak Sekolah: Tekan Efek Fatherless https://t.co/7oT9GLzspO,1944630718954643618,,,in,0,0,1,https://x.com/x/status/1944630718954643618,1582972008479920129
1944616092468686917,Mon Jul 14 04:33:00 +0000 2025,0,Para orang tua siswa baru di SDN Manggarai 01 Pagi Jakarta Selatan ramai-ramai mengantarkan anaknya ke sekolah. Mereka terlihat antusias mengantarkan anaknya. Tak hanya para ibu terlihat juga para ayah sangat antusias antar sang anak sekolah. https://t.co/SOprEyQ0zg,1944616092468686917,https://pbs.twimg.com/amplify_video_thumb/1944611086915039232/img/3hO9o_KS8xvkqXSo.jpg,,in,0,0,0,https://x.com/x/status/1944616092468686917,598959076
1944613635512480050,Mon Jul 14 04:23:14 +0000 2025,0,Video: Melihat Antusiasme Ayah saat Antar Anak di Hari Pertama Sekolah https://t.co/QL303FuNpU,1944613635512480050,,,in,0,0,0,https://x.com/x/status/1944613635512480050,1668188086067683331
1944607787453186418,Mon Jul 14 04:00:00 +0000 2025,6,Libur panjang telah berlalu kini saatnya kembali ke sekolah dan menimba ilmu. Berikut momen manis paara ayah antar anak di hari pertama sekolah. &gt;&gt; https://t.co/fhOdi25SsX https://t.co/JGuz8U5Gym,1944607787453186418,https://pbs.twimg.com/amplify_video_thumb/1944598657954975744/img/ZLCSvfrAtUVt8mE-.jpg,,in,0,1,3,https://x.com/x/status/1944607787453186418,69183155
1944605230886211595,Mon Jul 14 03:49:50 +0000 2025,1, Meyakini bahwa hari-hari sekolah anak itu menjadi tanggung jawab besar ayah sampai anaknya itu bisa hidup pada masanya. Bukan hidup pada masa ayahnya tapi masanya nanti katanya. ~LL #HariPertamaSekolah https://t.co/ry0pJuerV0,1944605230886211595,,,in,0,0,0,https://x.com/x/status/1944605230886211595,23343960
1944604410799108402,Mon Jul 14 03:46:35 +0000 2025,12,Bukan sekadar antar... Tapi jadi saksi awal perjalanan anak menuju mimpi-mimpinya. Pelukan ayah di hari pertama sekolah https://t.co/HQTGzTcUHI,1944604410799108402,https://pbs.twimg.com/amplify_video_thumb/1944603989732958208/img/CRz3gvb9xEtchO11.jpg,,in,2,1,2,https://x.com/x/status/1944604410799108402,1604860300573802497
1944603555673092440,Mon Jul 14 03:43:11 +0000 2025,0,Video: Melihat Antusiasme Ayah saat Antar Anak di Hari Pertama Sekolah https://t.co/FZ9ue4Lds2,1944603555673092440,,,in,0,0,0,https://x.com/x/status/1944603555673092440,598959076
1944603541169201310,Mon Jul 14 03:43:07 +0000 2025,0,Video: Momen Manis Para Ayah Antar Anak di Hari Pertama Sekolah https://t.co/WPUPMt81WP,1944603541169201310,,,in,0,0,0,https://x.com/x/status/1944603541169201310,1668188086067683331
1944599357983952981,Mon Jul 14 03:26:30 +0000 2025,0,Gerakan Ayah Teladan Indonesia (GATI) Bupati Merangin H M Syukur antar anak ke sekolah. #kominfo #merangin #jambi https://t.co/1Z1VQ0Xm2N,1944599357983952981,https://pbs.twimg.com/ext_tw_video_thumb/1944599279668269056/pu/img/TJ96krkQyA1ZCg-L.jpg,,in,0,2,0,https://x.com/x/status/1944599357983952981,1216916262208409600
1944589704223228092,Mon Jul 14 02:48:08 +0000 2025,0,Ini siapa yg ngide hari pertama harus ayah yg antar anak sekolah,1944589704223228092,,,in,0,0,0,https://x.com/x/status/1944589704223228092,1922965985428164608
1944586396808974492,Mon Jul 14 02:35:00 +0000 2025,9,Mendikdasmen Abdul Mu'ti imbau orang tua antar anak ke sekolah pada hari pertama. Gerakan Ayah Mengantar Anak juga diluncurkan Kemendukbangga sebagai bentuk dukungan emosional untuk anak. Sudah antar anak hari ini? Via @detik_edu https://t.co/QEoORUsYr6,1944586396808974492,,,in,0,6,3,https://x.com/x/status/1944586396808974492,69183155
1944584812020605171,Mon Jul 14 02:28:42 +0000 2025,0,Terbit SE Mendukbangga No.7/2025 Menteri Wihaji Ajak Para Ayah Antar Anak di Hari Pertama Sekolah https://t.co/5bVpODRfWm,1944584812020605171,,,in,0,0,0,https://x.com/x/status/1944584812020605171,1382141528
1944569220286845285,Mon Jul 14 01:26:45 +0000 2025,4,Selamat hari pertama sekolah hari ini banyak Ayah antar anak sekolah mengikuti himbauan Bu bupati .. G terasa juga Hanif masuk tahun kedua sekolah #harisenin #backtoschool #sekolah,1944569220286845285,,,in,0,0,0,https://x.com/x/status/1944569220286845285,1636703188731703297
1944568216623419771,Mon Jul 14 01:22:45 +0000 2025,42,Gerakan Ayah Mengantar Anak di Hari Pertama Sekolah resmi dimulai hari ini oleh Kemendukbangga/BKKBN untuk memperkuat peran ayah dalam pengasuhan anak. Hayo sudah antar anak belum hari ini? Via @detik_edu https://t.co/TY1asB7LkD,1944568216623419771,,,in,20,18,18,https://x.com/x/status/1944568216623419771,69183155
1944567648261713949,Mon Jul 14 01:20:30 +0000 2025,2,Peran ayah yang makin dibutuhkan dalam keluarga https://t.co/cWWxmNFCZP,1944567648261713949,,,in,0,4,0,https://x.com/x/status/1944567648261713949,1746447440495116288
1944563182552662434,Mon Jul 14 01:02:45 +0000 2025,0,Resmi! Pemerintah Terbitkan Aturan Ayah Antar Anak ke Sekolah Mulai Hari Ini 14 Juli https://t.co/lSw7z5OO90,1944563182552662434,,,in,1,0,0,https://x.com/x/status/1944563182552662434,1668188086067683331
1944538012949327891,Sun Jul 13 23:33:46 +0000 2025,0,@jogja_base Replikasi Ayah yang antar hari pertama sekolah ide gub anies ngasi dispensasi jam kerja asn dki dulu nganterin anak di hari pertama masuk sekolah memang brilian https://t.co/xewtSbTgbb,1944540786839937066,https://pbs.twimg.com/media/GvxlcnmaQAA-_tp.jpg,jogja_base,in,0,1,0,https://x.com/x/status/1944540786839937066,1603540919474458624
1944535909304799632,Sun Jul 13 23:14:23 +0000 2025,0,sempet baca ada gerakan ayah antar anak di hari pertama sekolah. btw dr dulu urusan sekolah gue yg urus bokap gue.. pendaftaran anterin di hari pertama ambil raport hadir pertemuan ortu pokoknya urusan sekolah. malah gue brtnya2 kpn emak gue yg maju ya? knp engga pernah ,1944535909304799632,,,in,0,0,0,https://x.com/x/status/1944535909304799632,269154579
1944422598965878987,Sun Jul 13 15:44:07 +0000 2025,0,Menteri Wihaji Terbitkan Surat Edaran Para Ayah Diajak Antar Anak di Hari Pertama Sekolah https://t.co/Fzg3uthdin,1944422598965878987,,,in,0,0,0,https://x.com/x/status/1944422598965878987,788744100
1944393579180208171,Sun Jul 13 13:48:49 +0000 2025,0,edaran pemerintah besok para ayah yg disuruh antar anak sekolah dan didokumentasikan ,1944393579180208171,,,in,0,0,0,https://x.com/x/status/1944393579180208171,1598512113827614721
1944357080431026588,Sun Jul 13 11:23:47 +0000 2025,0,BKKBN Lampung Ajak Ayah Antar Anak di Hari Pertama Sekolah Minggu (13/7/2025) Baca Selengkapnya di: https://t.co/6xiMll9FZz,1944357080431026588,,,in,0,0,0,https://x.com/x/status/1944357080431026588,363940365
1944356585439965693,Sun Jul 13 11:21:49 +0000 2025,1,BKKBN Lampung Ajak Ayah Antar Anak di Hari Pertama Sekolah https://t.co/QhMdKnaWyP,1944356585439965693,,,in,0,0,0,https://x.com/x/status/1944356585439965693,759692754985242625
1944339310607843655,Sun Jul 13 10:13:10 +0000 2025,0,Para ayah diimbau antar anak di hari pertama sekolah https://t.co/OVWHM8lcAx,1944339310607843655,,,in,0,0,0,https://x.com/x/status/1944339310607843655,1421026934
1944308093711790309,Sun Jul 13 08:09:07 +0000 2025,0,Pemkab Tanah Bumbu Ajak Ayah Antar Anak di Hari Pertama Sekolah Dukung Gerakan Ayah Teladan Indonesia https://t.co/3WogFQQFGC,1944308093711790309,,,in,0,0,0,https://x.com/x/status/1944308093711790309,1700208052811739138
1944057586086817793,Sat Jul 12 15:33:42 +0000 2025,1,Wali Kota Bontang Wajibkan Ayah Antar Anak di Hari Pertama Sekolah Ini Alasannya https://t.co/Rq0Ssx55RG,1944057586086817793,,,in,0,0,0,https://x.com/x/status/1944057586086817793,1256110480994656256
1943984029906481482,Sat Jul 12 10:41:24 +0000 2025,0,Wali Kota Bontang Wajibkan Ayah Antar Anak di Hari Pertama Sekolah Ini Alasannya https://t.co/5wa2gEZXe4,1943984029906481482,,,in,0,0,0,https://x.com/x/status/1943984029906481482,1256110480994656256
1943965474980868556,Sat Jul 12 09:27:41 +0000 2025,0,Hari Pertama Sekolah di Bontang Ayah Diminta Antar Anak: Berikut Imbauan Resmi Wali Kota https://t.co/Nhhg2vfbOO,1943965474980868556,,,in,0,0,0,https://x.com/x/status/1943965474980868556,1256110480994656256
1943884126198833650,Sat Jul 12 04:04:25 +0000 2025,2,https://t.co/mEpiIMMij7 Panyabungan StartNews Bupati Mandailing Natal (Madina) H. Saipullah Nasution mengimbau para ayah di kabupaten ini mengantarkan anaknya ke sekolah pada hari pertama tahun ajaran baru 2025-2026 yang dimulai pada Senin 14 Juli 2025.,1943884126198833650,,,in,0,0,0,https://x.com/x/status/1943884126198833650,968067461219102720
1943876222628266147,Sat Jul 12 03:33:01 +0000 2025,0,Wali Kota Bontang Imbau Ayah Antar Anak di Hari Pertama Sekolah Perusahaan Diminta Beri Dispensasi https://t.co/E0DDyLptez,1943876222628266147,,,in,0,0,0,https://x.com/x/status/1943876222628266147,1615137168456028162
1942455103157624904,Tue Jul 08 05:26:00 +0000 2025,3,Kemendikdasmen minta agar orang tua mengantar anaknya pada hari pertama sekolah. Peran ayah juga turut ditekankan untuk ikut dampingi anak di awal tahun ajaran. Via @detik_edu https://t.co/UmsGC1FcRz,1942455103157624904,,,in,0,1,1,https://x.com/x/status/1942455103157624904,69183155
1939354220291035253,Sun Jun 29 16:04:12 +0000 2025,1,trimakasih kpda ayah yg mau antar jemput anak gadisnya sekolah,1939354220291035253,,,in,0,1,0,https://x.com/x/status/1939354220291035253,1501411327382011905
1937080141131485304,Mon Jun 23 09:27:51 +0000 2025,4,2️⃣ Pergi Demi Anak-anak ‍ Saya tidak bisa lagi antar anak ke sekolah dan lewat stadion atau Continassa tahu saya tak akan bermain lama. Mereka selalu tanya: Kapan Ayah main lagi? Manusiawi tapi juga tragis. Pogba mengaku meninggalkan Turin untuk menjaga keluarganya,1937080149545234449,,andarsofian,in,0,2,0,https://x.com/x/status/1937080149545234449,2684407939
1928264676011549170,Fri May 30 01:38:18 +0000 2025,0,Sama dari TK sampe SMA jg yang antar jemput sekolah &amp; les ya ayah ambil rapor jg ayah jemput dr tmpt travel pas libur kuliah ya ayah. Mamahku mah kerjaannya seabrek sampe mau pensiun masiiihh aja rapat2 tapi tetep ngurus suami&amp;anak dg baik di rumah ,1928264676011549170,,,in,0,0,0,https://x.com/x/status/1928264676011549170,1516061620950110211
1927707447155732969,Thu May 29 06:56:54 +0000 2025,0,@gogobehit Saya setuju tidak bisa disama ratakan Ada ayah yg dari antar anak sekolah ambil raport Nyuci masak sampai kerjaan benerin rumah Ada bagian yg memang untuk ibunya misal kalau belajar kadang anak lebih suka sama ibunya dibanding bapaknya,1927982464040927566,,gogobehit,in,0,0,0,https://x.com/x/status/1927982464040927566,1029732521590763520
1927882027149484273,Thu May 29 00:17:48 +0000 2025,0,Untung suami saya gk gitu dari anak tk suami ikutan ngurus sekolah anak bayar uang sekolah antar jemput kadang juga ikut rapat tapi kalau grup wa emang maknya yg masuk grup nanti kasih tw ayah nya sampai sekarang kelas 2 sd juga gitu makasih suami,1927882027149484273,,,in,0,0,0,https://x.com/x/status/1927882027149484273,1577531129417981952
1927797351432998965,Wed May 28 18:41:19 +0000 2025,0,Dari dulu soal antar mengantar (dari TK ampe kuliah) bayar membayar daftar sekolah ambil rapot perbaiki ini itu urus segala berkas tuh bagian bapak. Dulu mikir ini bare minimum yg emng udh seharusnya dilakuin seorang ayah tapi ternyata gasemua anak ngerasain hal ini :'),1927797351432998965,,,in,0,0,0,https://x.com/x/status/1927797351432998965,1225631977161678848
1924596610971173367,Mon May 19 22:42:43 +0000 2025,6,Disaat lagi ada kerjaan di Medan pasti aku yang sempatkan antar dan jemput anak ke sekolah dan quality time sama mereka biarpun hanya sesekali tapi memang segitu happynya menjadi ayah https://t.co/y1bRmRE33Z,1924596610971173367,https://pbs.twimg.com/media/GrWKZ7PbAAYKxt-.jpg,,in,0,1,0,https://x.com/x/status/1924596610971173367,116673112
1924253135717175331,Mon May 19 06:59:38 +0000 2025,1,@robotys Klau la bas skolah free. Ramai antar anak guna bas skolah. Xder nya mak ayah rajin nak antar anak ke sekolah setiap hari,1924359275595653489,,robotys,in,0,0,1,https://x.com/x/status/1924359275595653489,2529513686
1924253135717175331,Mon May 19 03:18:37 +0000 2025,19,@robotys Macam mana nak antar anak ke sekolah tanpa mak ayah hantar kalau tak ada public transport,1924303652996706548,,robotys,in,0,0,0,https://x.com/x/status/1924303652996706548,1842731391093817344
1919309761033507267,Mon May 05 08:34:40 +0000 2025,1,Aksi Heroik Polisi di Gowa Bantu Ayah Sakit yang Tetap Antar Anak ke Sekolah #NewsRCTIPlus @RCTIPlus https://t.co/dd98vaP42v,1919309761033507267,,,in,0,0,0,https://x.com/x/status/1919309761033507267,1120911893663629312
1915865233597599929,Sat Apr 26 16:32:13 +0000 2025,1,@chimoshi0 @IFnubia Wkkkk aku punya paman. Istri n anak sangat disayang. Suami kerja. Masak suami. Antar jemput anak sekolah suami. Bersih2 rumah suami. Cuci Baju2 n setrika istri. Pegang uang istri. Rawat ayah si istri suami n adik suami. Pas suami sakit2'an n kerja dah seret diusir ,1916168447756734975,,chimoshi0,in,0,1,0,https://x.com/x/status/1916168447756734975,921055078420692992
1906910568151499165,Tue Apr 01 23:58:39 +0000 2025,0,@getbetterlyfe @6_arung kak tmn ayah ku direktur di bi masih pake busway krl jak lingko loh tiap kerja mobil mobilnya buat ibu istri dan antar anak nya sekolah,1907221102457401579,,getbetterlyfe,in,0,0,0,https://x.com/x/status/1907221102457401579,1088020118158753793
1884668033245077643,Thu Jan 30 10:47:18 +0000 2025,0,ᅠᅠᅠᅠ ️️️️ Gak pernah Ayah ngajarin kamu sok jagoan kayak gitu. Merasa hebat kamu ikut-ikut 𝘵𝘢𝘸𝘶𝘳𝘢𝘯 antar sekolah? Bocah bau kencur kayak kamu udah berani mencoreng nama keluarga. Ayah malu punya anak kayak kamu Tarung. Ayah naik pitam. ️ ᅠᅠᅠᅠ,1884916289283776914,,Bajasira,in,0,1,0,https://x.com/x/status/1884916289283776914,1642999810805633024
